year,co2,co2_per_capita,trade_co2,cement_co2,cement_co2_per_capita,coal_co2,coal_co2_per_capita,flaring_co2,flaring_co2_per_capita,gas_co2,gas_co2_per_capita,oil_co2,oil_co2_per_capita,other_industry_co2,other_co2_per_capita,co2_growth_prct,co2_growth_abs,co2_per_gdp,co2_per_unit_energy,consumption_co2,consumption_co2_per_capita,consumption_co2_per_gdp,cumulative_co2,cumulative_cement_co2,cumulative_coal_co2,cumulative_flaring_co2,cumulative_gas_co2,cumulative_oil_co2,cumulative_other_co2,trade_co2_share,share_global_co2,share_global_cement_co2,share_global_coal_co2,share_global_flaring_co2,share_global_gas_co2,share_global_oil_co2,share_global_other_co2,share_global_cumulative_co2,share_global_cumulative_cement_co2,share_global_cumulative_coal_co2,share_global_cumulative_flaring_co2,share_global_cumulative_gas_co2,share_global_cumulative_oil_co2,share_global_cumulative_other_co2,total_ghg,ghg_per_capita,total_ghg_excluding_lucf,ghg_excluding_lucf_per_capita,methane,methane_per_capita,nitrous_oxide,nitrous_oxide_per_capita,population,gdp,primary_energy_consumption,energy_per_capita,energy_per_gdp
1880,4705.817,62.067,0.0,0.0,0.0,4635.385,60.675,0.0,0.0,0.0,0.0,70.429,1.391,0.0,0.0,1245.03,540.669,15.343,0.0,0.0,0.0,0.0,106223.076,0.0,105772.837,0.0,0.0,450.169,0.0,0.0,551.25,400.0,552.91,0.0,0.0,458.07,0.0,570.69,400.0,571.25,0.0,0.0,465.13,0.0,0.0,0.0,0.0,0.0,0.0,0.0,0.0,0.0,3413327016.0,1064213397760.0,0.0,0.0,0.0
1881,4855.252,60.584,0.0,0.0,0.0,4774.602,59.0,0.0,0.0,0.0,0.0,80.647,1.585,0.0,0.0,170.64,149.429,14.527,0.0,0.0,0.0,0.0,111078.328,0.0,110547.438,0.0,0.0,530.886,0.0,0.0,550.21,400.0,551.87,0.0,0.0,467.39,0.0,569.76,400.0,570.34,0.0,0.0,465.6,0.0,0.0,0.0,0.0,0.0,0.0,0.0,0.0,0.0,3437917078.0,1099377311744.0,0.0,0.0,0.0
1882,5099.361,63.656,0.0,0.0,0.0,5010.393,61.979,0.0,0.0,0.66,0.006,88.313,1.667,0.0,0.0,716.28,244.467,15.019,0.0,0.0,0.0,0.0,116176.589,0.004,115556.732,0.0,0.66,619.192,0.0,0.0,547.19,400.0,548.88,0.0,400.0,465.98,0.0,568.71,400.0,569.37,0.0,400.0,465.64,0.0,0.0,0.0,0.0,0.0,0.0,0.0,0.0,0.0,3463804081.0,1139680709888.0,0.0,0.0,0.0
1883,5414.239,67.655,0.0,0.0,0.0,5333.028,66.008,0.0,0.0,1.524,0.014,79.686,1.633,0.0,0.0,734.36,314.866,15.696,0.0,0.0,0.0,0.0,121592.46,0.004,120891.393,0.0,2.184,698.797,0.0,0.0,546.32,400.0,547.46,0.0,400.0,482.43,0.0,567.71,400.0,568.4,0.0,400.0,467.44,0.0,0.0,0.0,0.0,0.0,0.0,0.0,0.0,0.0,3491273487.0,1167344785408.0,0.0,0.0,0.0
1884,5451.025,68.444,0.0,0.0,0.0,5356.374,66.532,0.0,0.0,4.688,0.044,89.958,1.87,0.0,0.0,274.39,36.74,15.788,0.0,0.0,0.0,0.0,127041.849,0.004,126246.132,0.0,6.872,788.752,0.0,0.0,543.93,400.0,545.1,0.0,400.0,490.64,0.0,566.63,400.0,567.32,0.0,400.0,469.95,0.0,0.0,0.0,0.0,0.0,0.0,0.0,0.0,0.0,3687611163.0,1414375332096.0,0.0,0.0,0.0
1885,5486.304,68.644,0.0,0.0,0.0,5375.681,66.483,0.0,0.0,14.86,0.136,95.757,2.025,0.0,0.0,415.29,35.25,16.066,0.0,0.0,0.0,0.0,132528.15,0.008,131621.814,0.0,21.736,884.509,0.0,0.0,543.36,400.0,544.62,0.0,400.0,504.77,0.0,565.6,400.0,566.38,0.0,400.0,473.5,0.0,0.0,0.0,0.0,0.0,0.0,0.0,0.0,0.0,3724825581.0,1496189981696.0,0.0,0.0,0.0
1886,5548.983,68.883,0.0,0.0,0.0,5411.062,66.402,0.0,0.0,30.704,0.277,107.22,2.206,0.0,0.0,316.23,62.711,15.855,0.0,0.0,0.0,0.0,138077.108,0.008,137032.84,0.0,52.44,991.734,0.0,0.0,541.11,400.0,543.25,0.0,400.0,491.05,0.0,564.58,400.0,565.44,0.0,400.0,475.3,0.0,0.0,0.0,0.0,0.0,0.0,0.0,0.0,0.0,3754893010.0,1517499639296.0,0.0,0.0,0.0
1887,5811.196,72.178,0.0,0.004,0.0,5647.065,69.374,0.0,0.0,47.148,0.417,116.98,2.385,0.0,0.0,15279.33,261.126,16.159,0.0,0.0,0.0,0.0,143888.297,0.012,142679.906,0.0,99.588,1108.711,0.0,0.0,539.7,400.0,542.16,0.0,400.0,498.02,0.0,563.52,400.0,564.46,0.0,400.0,477.61,0.0,0.0,0.0,0.0,0.0,0.0,0.0,0.0,0.0,3788438443.0,1572897849344.0,0.0,0.0,0.0
1888,6365.691,78.536,0.0,0.004,0.0,6174.95,75.44,0.0,0.0,67.096,0.58,123.643,2.519,0.0,0.0,641.42,554.49,17.347,0.0,0.0,0.0,0.0,150255.628,0.012,148856.498,0.0,166.684,1232.351,0.0,0.0,533.88,400.0,536.53,0.0,400.0,502.83,0.0,562.26,400.0,563.27,0.0,400.0,480.02,0.0,0.0,0.0,0.0,0.0,0.0,0.0,0.0,0.0,3819382645.0,1593921109504.0,0.0,0.0,0.0
1889,6437.335,78.617,0.0,0.004,0.0,6248.375,75.503,0.0,0.0,48.908,0.415,140.059,2.701,0.0,0.0,751.94,71.645,17.047,0.0,0.0,0.0,0.0,156691.329,0.016,155103.23,0.0,215.588,1372.41,0.0,0.0,540.11,400.0,542.75,0.0,400.0,492.85,0.0,561.29,400.0,562.39,0.0,400.0,481.29,0.0,0.0,0.0,0.0,0.0,0.0,0.0,0.0,0.0,3882904394.0,1681080068096.0,0.0,0.0,0.0
1890,6942.011,83.08,0.0,0.004,0.0,6726.637,79.587,0.0,0.0,46.752,0.388,168.627,3.11,0.0,0.0,2289.05,504.581,20.091,0.0,0.0,0.0,0.0,163633.373,0.016,161829.893,0.0,262.34,1541.119,0.0,0.0,534.62,400.0,537.19,0.0,400.0,486.5,0.0,560.09,400.0,561.28,0.0,400.0,481.96,0.0,0.0,0.0,0.0,0.0,0.0,0.0,0.0,0.0,3917392385.0,1805519662848.0,0.0,0.0,0.0
1891,7248.376,83.741,0.0,0.004,0.0,7014.24,80.0,0.0,0.0,35.788,0.273,198.342,3.468,0.0,0.0,1094.03,305.836,18.768,0.0,0.0,0.0,0.0,170881.75,0.02,168844.14,0.0,298.132,1739.462,0.0,0.0,533.39,400.0,535.77,0.0,400.0,485.62,0.0,558.92,400.0,560.19,0.0,400.0,482.37,0.0,0.0,0.0,0.0,0.0,0.0,0.0,0.0,0.0,3955066069.0,1716748578816.0,0.0,0.0,0.0
1892,7266.456,83.365,0.0,0.004,0.0,7037.822,79.563,0.0,0.0,31.1,0.232,197.53,3.571,0.0,0.0,11399.39,17.493,18.387,0.0,0.0,0.0,0.0,178149.848,0.024,175883.605,0.0,329.232,1936.894,0.0,0.0,530.33,400.0,532.28,0.0,400.0,491.16,0.0,557.62,400.0,559.02,0.0,400.0,483.2,0.0,0.0,0.0,0.0,0.0,0.0,0.0,0.0,0.0,3994538358.0,1795068727552.0,0.0,0.0,0.0
1893,7154.641,83.145,0.0,0.004,0.0,6913.282,79.02,0.0,0.0,29.152,0.215,212.205,3.912,0.0,0.0,1603.01,-111.815,18.336,0.0,0.0,0.0,0.0,185304.487,0.024,182796.884,0.0,358.384,2148.999,0.0,0.0,528.53,400.0,530.18,0.0,400.0,498.64,0.0,556.5,400.0,557.88,0.0,400.0,484.69,0.0,0.0,0.0,0.0,0.0,0.0,0.0,0.0,0.0,4022125742.0,1793364491776.0,0.0,0.0,0.0
1894,7491.072,86.743,0.0,0.004,0.0,7256.913,82.762,0.0,0.0,26.792,0.194,207.365,3.787,0.0,0.0,1291.22,336.432,18.867,0.0,0.0,0.0,0.0,192795.555,0.028,190053.798,0.0,385.176,2356.361,0.0,0.0,534.69,400.0,536.53,0.0,400.0,497.12,0.0,555.62,400.0,557.02,0.0,400.0,485.78,0.0,0.0,0.0,0.0,0.0,0.0,0.0,0.0,0.0,4050095753.0,1828623698688.0,0.0,0.0,0.0
1895,7879.584,90.368,0.0,0.004,0.0,7607.143,85.695,0.0,0.0,28.168,0.199,244.273,4.466,0.0,0.0,698.95,387.997,20.793,0.0,0.0,0.0,0.0,200675.144,0.032,197660.937,0.0,413.344,2600.63,0.0,0.0,530.47,400.0,532.04,0.0,400.0,503.2,0.0,554.58,400.0,556.05,0.0,400.0,487.34,0.0,0.0,0.0,0.0,0.0,0.0,0.0,0.0,0.0,4081417070.0,1927694069504.0,0.0,0.0,0.0
1896,8162.738,93.393,0.0,0.004,0.0,7873.748,88.66,0.0,0.0,27.392,0.191,261.596,4.542,0.0,0.0,578.27,283.146,20.873,0.0,0.0,0.0,0.0,208837.879,0.036,205534.684,0.0,440.736,2862.319,0.0,0.0,532.21,400.0,534.08,0.0,400.0,497.54,0.0,553.69,400.0,555.1,0.0,400.0,488.25,0.0,0.0,0.0,0.0,0.0,0.0,0.0,0.0,0.0,4112741514.0,1930319832064.0,0.0,0.0,0.0
1897,8554.199,97.491,0.0,0.004,0.0,8246.288,92.309,0.0,0.0,29.152,0.199,278.752,4.984,0.0,0.0,1786.71,391.459,21.426,0.0,0.0,0.0,0.0,217392.073,0.04,213780.97,0.0,469.884,3141.074,0.0,0.0,532.53,400.0,534.2,0.0,400.0,501.84,0.0,552.8,400.0,554.33,0.0,400.0,489.46,0.0,0.0,0.0,0.0,0.0,0.0,0.0,0.0,0.0,4141849680.0,2039664653824.0,0.0,0.0,0.0
1898,8979.142,102.219,0.0,0.004,0.0,8653.243,96.599,0.0,0.0,33.84,0.227,292.049,5.387,0.0,0.0,1351.7,424.944,21.828,0.0,0.0,0.0,0.0,226371.212,0.044,222434.216,0.0,503.724,3433.125,0.0,0.0,529.93,400.0,531.27,0.0,400.0,510.72,0.0,551.88,400.0,553.39,0.0,400.0,491.17,0.0,0.0,0.0,0.0,0.0,0.0,0.0,0.0,0.0,4171303298.0,2114767779840.0,0.0,0.0,0.0
1899,9751.043,109.045,0.0,0.004,0.0,9400.131,102.976,0.0,0.0,43.616,0.288,307.292,5.779,0.0,0.0,739.42,771.812,23.389,0.0,0.0,0.0,0.0,236122.257,0.048,231834.337,0.0,547.344,3740.421,0.0,0.0,526.85,400.0,528.08,0.0,400.0,511.72,0.0,550.78,400.0,552.31,0.0,400.0,492.82,0.0,0.0,0.0,0.0,0.0,0.0,0.0,0.0,0.0,4602093762.0,2177806011648.0,0.0,0.0,0.0
1900,10273.974,115.024,0.0,0.004,0.0,9883.032,108.162,0.0,0.0,46.168,0.298,344.763,6.565,0.0,0.0,853.39,523.021,25.39,0.0,0.0,0.0,0.0,246396.134,0.052,241717.28,0.0,593.508,4075.717,0.0,0.0,526.28,400.0,527.54,0.0,400.0,512.06,0.0,549.74,400.0,551.24,0.0,400.0,493.24,0.0,0.0,0.0,0.0,0.0,0.0,0.0,0.0,0.0,4640899886.0,6133465473280.0,0.0,0.0,0.0
1901,10519.693,117.709,0.0,0.008,0.0,10086.193,110.341,0.0,0.0,51.444,0.327,382.05,7.039,0.0,0.0,760.97,243.619,23.731,0.0,0.0,0.0,0.0,256915.824,0.06,251803.47,0.0,644.952,4457.768,0.0,0.0,521.62,400.0,522.84,0.0,400.0,511.02,0.0,548.5,400.0,550.03,0.0,400.0,494.7,0.0,0.0,0.0,0.0,0.0,0.0,0.0,0.0,0.0,4693153617.0,2347696697856.0,0.0,0.0,0.0
1902,10728.188,118.816,0.0,0.008,0.0,10269.213,111.725,0.0,0.0,54.792,0.342,404.175,6.747,0.0,0.0,100.07,208.4,23.705,0.0,0.0,0.0,0.0,267644.11,0.068,262072.429,0.0,699.744,4861.941,0.0,0.0,518.84,400.0,520.44,0.0,400.06,500.09,0.0,547.29,400.0,548.84,0.0,400.0,495.14,0.0,0.0,0.0,0.0,0.0,0.0,0.0,0.0,0.0,4732751654.0,2391973938176.0,0.0,0.0,0.0
1903,11584.283,124.715,0.0,0.012,0.0,11104.923,117.702,0.0,0.0,58.12,0.357,421.234,6.661,0.0,0.0,2563.95,855.983,24.243,0.0,0.0,0.0,0.0,279228.395,0.08,273177.707,0.0,757.86,5283.177,0.0,0.0,513.45,400.0,515.09,0.0,400.06,492.19,0.0,545.74,400.0,547.33,0.0,400.0,494.87,0.0,0.0,0.0,0.0,0.0,0.0,0.0,0.0,0.0,4775445666.0,2471921160320.0,0.0,0.0,0.0
1904,11744.309,127.229,0.0,0.012,0.0,11207.758,119.635,0.0,0.0,60.67,0.365,468.535,7.185,5.502,0.043,611.73,160.021,24.758,0.0,0.0,0.0,0.0,290972.692,0.088,284385.458,0.0,818.53,5751.71,5.502,0.0,514.72,400.0,516.75,0.0,400.04,487.49,300.0,544.43,400.0,546.07,0.0,400.02,494.31,300.0,0.0,0.0,0.0,0.0,0.0,0.0,0.0,0.0,4820360749.0,2497973438208.0,0.0,0.0,0.0
1905,12412.94,130.581,0.0,0.012,0.0,11876.064,123.663,0.0,0.0,68.688,0.405,460.255,6.473,5.94,0.045,256.67,668.606,24.445,0.0,0.0,0.0,0.0,303385.638,0.104,296261.524,0.0,887.216,6211.967,11.442,0.0,510.91,400.0,513.34,0.0,400.04,474.22,300.0,542.94,400.0,544.73,0.0,400.02,492.76,300.0,0.0,0.0,0.0,0.0,0.0,0.0,0.0,0.0,4877742368.0,2582474008576.0,0.0,0.0,0.0
1906,12992.218,138.994,0.0,0.016,0.0,12436.321,131.554,0.0,0.0,76.13,0.441,471.243,6.942,6.381,0.049,1561.22,579.306,25.216,0.0,0.0,0.0,0.0,316377.828,0.12,308697.812,0.0,963.346,6683.207,17.823,0.0,509.14,400.0,511.19,0.0,400.12,481.15,300.0,541.48,400.0,543.26,0.0,400.02,491.89,300.0,0.0,0.0,0.0,0.0,0.0,0.0,0.0,0.0,4931878505.0,2741160484736.0,0.0,0.0,0.0
1907,14631.418,152.584,0.0,0.02,0.0,13977.866,144.195,0.0,0.0,79.53,0.451,565.792,7.892,6.162,0.045,1090.76,1639.199,27.409,0.0,0.0,0.0,0.0,331009.242,0.14,322675.678,0.0,1042.878,7248.995,23.985,0.0,507.13,400.0,509.45,0.0,400.12,473.6,300.0,539.86,400.0,541.68,0.0,400.02,490.45,300.0,0.0,0.0,0.0,0.0,0.0,0.0,0.0,0.0,4983347061.0,2795103861760.0,0.0,0.0,0.0
1908,14249.58,153.669,0.0,0.684,0.02,13552.863,144.903,0.0,0.0,78.726,0.439,609.969,8.265,5.502,0.04,806.6,-381.846,28.667,0.0,0.0,0.0,0.0,345258.824,0.824,336228.544,0.0,1121.602,7858.965,29.487,0.0,513.21,591.88,516.15,0.0,400.12,473.53,300.0,538.72,547.38,540.61,0.0,400.04,489.06,300.0,0.0,0.0,0.0,0.0,0.0,0.0,0.0,0.0,5028089599.0,2732041545728.0,0.0,0.0,0.0
1909,14695.804,152.254,0.0,0.684,0.02,13953.118,143.041,0.0,0.0,94.122,0.515,638.495,8.628,7.041,0.05,3377.38,445.894,27.406,0.0,0.0,0.0,0.0,359954.649,1.502,350181.681,0.0,1215.72,8497.464,36.528,0.0,509.07,589.76,511.76,0.0,400.12,475.07,300.0,537.41,565.82,539.43,0.0,400.04,488.04,300.0,0.0,0.0,0.0,0.0,0.0,0.0,0.0,0.0,5071304829.0,2910402807808.0,0.0,0.0,0.0
1910,15305.588,160.22,0.0,0.796,0.024,14519.658,150.709,0.0,0.0,99.692,0.536,676.049,8.902,7.041,0.049,550.44,609.579,30.031,0.0,0.0,0.0,0.0,375261.339,2.302,364702.446,0.0,1315.41,9169.692,43.569,0.0,505.53,589.78,508.39,0.0,400.12,469.85,300.0,536.05,573.9,538.11,0.0,400.04,486.37,300.0,0.0,0.0,0.0,0.0,0.0,0.0,0.0,0.0,5116298909.0,3060987252224.0,0.0,0.0,0.0
1911,15615.093,161.746,0.0,0.874,0.026,14787.219,151.299,0.0,0.0,103.518,0.653,714.395,9.717,6.822,0.047,4331.67,309.808,27.139,0.0,0.0,0.0,0.0,390873.515,3.176,379486.746,0.0,1418.929,9884.084,50.391,0.0,506.56,590.44,509.61,0.0,402.51,468.12,300.0,534.83,578.36,536.95,0.0,400.23,485.05,300.0,0.0,0.0,0.0,0.0,0.0,0.0,0.0,0.0,5162367252.0,3439840224512.0,0.0,0.0,0.0
1912,16328.517,170.892,0.0,1.044,0.032,15468.661,159.524,0.0,0.0,114.093,0.732,735.331,10.552,7.041,0.048,1155.07,714.309,28.969,0.0,0.0,0.0,0.0,407193.413,4.222,394945.169,0.0,1533.02,10619.42,57.432,0.0,505.82,591.6,508.74,0.0,402.94,468.87,300.0,533.58,581.58,535.75,0.0,400.43,483.87,300.0,0.0,0.0,0.0,0.0,0.0,0.0,0.0,0.0,5199743672.0,3146476743424.0,0.0,0.0,0.0
1913,17677.122,184.617,0.0,1.198,0.037,16704.226,171.823,0.0,0.0,119.587,0.794,842.424,11.912,7.263,0.049,2564.31,1347.028,33.227,0.0,0.0,0.0,0.0,424882.08,5.42,411660.949,0.0,1652.608,11461.85,64.695,0.0,506.16,591.84,509.48,0.0,404.04,463.7,300.0,532.37,583.82,534.64,0.0,400.69,482.35,300.0,0.0,0.0,0.0,0.0,0.0,0.0,0.0,0.0,5235219697.0,3866917572096.0,0.0,0.0,0.0
1914,15984.337,164.586,0.0,0.866,0.025,15000.421,151.929,0.0,0.0,121.773,0.805,852.18,11.777,6.822,0.045,741.88,-1688.616,29.295,0.0,0.0,0.0,0.0,440844.173,6.284,426640.735,0.0,1774.381,12293.299,71.517,0.0,504.52,589.18,508.52,0.0,404.07,459.05,300.0,531.31,584.56,533.66,0.0,400.91,479.8,300.0,0.0,0.0,0.0,0.0,0.0,0.0,0.0,0.0,5271233834.0,3057537308160.0,0.0,0.0,0.0
1915,15639.707,155.969,0.0,0.948,0.028,14598.168,142.66,0.0,0.0,128.626,0.817,902.287,12.408,7.263,0.047,52.29,-344.652,27.738,0.0,0.0,0.0,0.0,456483.881,7.232,441238.902,0.0,1903.003,13195.589,78.777,0.0,500.41,590.38,504.49,0.0,403.64,457.63,300.0,530.2,585.3,532.65,0.0,401.1,478.26,300.0,0.0,0.0,0.0,0.0,0.0,0.0,0.0,0.0,5329763564.0,3077528457728.0,0.0,0.0,0.0
1916,16795.017,161.902,0.0,1.07,0.031,15652.765,147.212,0.0,0.0,155.184,0.985,975.137,13.615,8.142,0.052,1150.85,1155.292,27.204,0.0,0.0,0.0,0.0,473278.894,8.304,456891.663,0.0,2058.188,14170.721,86.919,0.0,497.87,590.94,502.16,0.0,404.37,454.21,300.0,528.96,586.02,531.54,0.0,401.37,476.54,300.0,0.0,0.0,0.0,0.0,0.0,0.0,0.0,0.0,5374474072.0,3282300392960.0,0.0,0.0,0.0
1917,17384.339,157.001,0.0,0.872,0.024,16127.885,141.027,0.0,0.0,163.743,1.032,1081.86,14.865,7.482,0.047,266.48,590.286,26.714,0.0,0.0,0.0,0.0,490657.708,9.176,473014.022,0.0,2221.931,15252.586,94.401,0.0,492.82,588.78,496.9,0.0,404.21,452.95,300.0,527.57,586.28,530.28,0.0,401.55,474.78,300.0,0.0,0.0,0.0,0.0,0.0,0.0,0.0,0.0,5413343225.0,3209378934272.0,0.0,0.0,0.0
1918,16918.386,150.483,0.0,0.704,0.02,15670.669,135.882,0.0,0.0,147.424,0.879,1091.081,13.658,6.381,0.04,-85.57,-466.924,25.946,0.0,0.0,0.0,0.0,507581.619,9.88,488690.222,0.0,2369.356,16360.706,100.782,0.0,486.28,589.34,490.32,0.0,403.69,446.05,300.0,526.1,586.5,528.85,0.0,401.67,473.24,300.0,0.0,0.0,0.0,0.0,0.0,0.0,0.0,0.0,5450787656.0,3202004091648.0,0.0,0.0,0.0
1919,14647.259,136.463,0.0,0.732,0.02,13275.366,120.279,0.0,0.0,153.557,0.911,1208.8,15.203,6.6,0.04,163.3,-2274.066,25.314,0.0,0.0,0.0,0.0,522251.042,10.612,501987.753,0.0,2522.915,17564.822,107.385,0.0,485.8,588.4,491.35,0.0,404.68,442.81,300.0,524.87,586.64,527.81,0.0,401.88,470.86,300.0,0.0,0.0,0.0,0.0,0.0,0.0,0.0,0.0,5490675969.0,3195037873408.0,0.0,0.0,0.0
1920,17039.597,158.773,0.0,0.876,0.024,15321.078,137.435,0.0,0.0,169.659,0.965,1538.601,20.308,7.041,0.042,4597.31,2392.099,31.822,0.0,0.0,0.0,0.0,539290.727,11.488,517308.913,0.0,2692.574,18978.613,114.426,0.0,485.78,588.08,492.22,0.0,407.03,438.42,300.0,523.56,586.74,526.67,0.0,402.18,465.04,300.0,0.0,0.0,0.0,0.0,0.0,0.0,0.0,0.0,5547367128.0,7628947169024.0,0.0,0.0,0.0
1921,15077.57,146.434,0.0,0.762,0.02,13238.795,122.631,0.0,0.0,142.975,0.817,1688.288,22.931,5.061,0.03,246.35,-1961.851,28.632,0.0,0.0,0.0,0.0,554368.08,12.248,530547.709,0.0,2835.55,20808.13,119.487,0.0,490.16,586.46,498.63,0.0,408.6,439.33,300.0,522.65,586.72,525.96,0.0,402.48,465.98,300.0,0.0,0.0,0.0,0.0,0.0,0.0,0.0,0.0,5592699364.0,3244463982336.0,0.0,0.0,0.0
1922,15961.506,153.943,0.0,1.138,0.033,13919.418,128.512,0.0,0.0,163.622,0.912,1867.648,24.442,7.263,0.043,2804.77,884.196,28.647,0.0,0.0,0.0,0.0,570325.915,13.382,544463.45,0.0,2999.174,22676.988,126.75,0.0,494.72,589.42,504.78,0.0,407.98,438.04,300.0,521.8,586.96,525.42,0.0,402.79,463.54,300.0,0.0,0.0,0.0,0.0,0.0,0.0,0.0,0.0,5639903951.0,3458365962496.0,0.0,0.0,0.0
1923,17596.231,168.224,0.0,1.224,0.035,15314.336,142.005,0.0,0.0,213.511,1.14,2056.302,24.988,8.142,0.047,1284.17,1634.725,29.652,0.0,0.0,0.0,0.0,587922.144,14.606,559777.779,0.0,3211.927,24733.299,134.892,0.0,480.6,588.22,488.95,0.0,406.48,434.26,300.0,520.44,587.06,524.33,0.0,402.92,460.95,300.0,0.0,0.0,0.0,0.0,0.0,0.0,0.0,0.0,5689213685.0,3614959633920.0,0.0,0.0,0.0
1924,18042.982,175.316,0.0,1.27,0.036,15732.114,147.669,0.0,0.0,243.033,1.283,2055.712,26.276,8.142,0.047,3871.6,440.072,31.002,0.0,0.0,0.0,0.0,605968.669,15.876,575513.432,0.0,3454.955,26789.011,143.034,0.0,491.37,587.68,501.15,0.0,407.03,436.58,300.0,519.5,587.12,523.68,0.0,403.21,458.98,300.0,0.0,0.0,0.0,0.0,0.0,0.0,0.0,0.0,5739268431.0,3832982965248.0,0.0,0.0,0.0
1925,18168.08,174.468,0.0,57.808,0.287,15674.383,145.68,0.0,0.0,261.221,1.892,2162.342,26.55,9.243,0.053,626.92,125.093,29.718,0.0,0.0,0.0,0.0,624136.752,73.684,591187.818,0.0,3716.173,28951.352,152.274,0.0,489.27,403.1,499.37,0.0,408.64,438.81,300.0,518.59,432.3,523.01,0.0,403.57,457.4,300.0,0.0,0.0,0.0,0.0,0.0,0.0,0.0,0.0,5790098691.0,3972095738112.0,0.0,0.0,0.0
1926,17463.744,171.252,0.0,59.074,0.292,14965.753,142.336,0.0,0.0,281.866,1.499,2145.034,27.079,9.021,0.051,978.08,-704.927,28.369,0.0,0.0,0.0,0.0,641600.494,132.758,606153.565,0.0,3997.585,31096.384,161.298,0.0,479.03,403.2,487.81,0.0,407.65,437.2,300.0,517.43,418.84,522.09,0.0,403.87,455.98,300.0,0.0,0.0,0.0,0.0,0.0,0.0,0.0,0.0,5841637637.0,4102032081664.0,0.0,0.0,0.0
1927,19540.742,188.994,0.0,62.183,0.353,16825.197,158.806,0.0,0.0,309.848,1.619,2331.773,28.168,8.802,0.049,1456.8,2076.802,30.89,0.0,0.0,0.0,0.0,661141.236,194.942,622978.766,0.0,4307.433,33333.628,170.1,0.0,490.77,404.95,502.34,0.0,407.62,433.53,300.0,516.61,414.32,521.52,0.0,404.08,453.01,300.0,0.0,0.0,0.0,0.0,0.0,0.0,0.0,0.0,5901881898.0,4210719226624.0,0.0,0.0,0.0
1928,19485.276,190.849,0.0,176.97,2.081,16576.196,155.188,0.0,0.0,336.925,1.743,2383.455,31.787,8.802,0.048,1491.65,-58.656,29.988,0.0,0.0,0.0,0.0,680626.51,371.915,639554.964,0.0,4643.378,35717.081,178.902,0.0,491.71,498.19,503.54,0.0,407.8,433.67,300.0,515.85,450.43,521.04,0.0,404.3,451.71,300.0,0.0,0.0,0.0,0.0,0.0,0.0,0.0,0.0,5977077859.0,4345063834880.0,0.0,0.0,0.0
1929,20954.215,204.375,0.0,184.251,1.973,17723.837,165.572,0.0,0.0,420.158,3.03,2614.528,33.749,8.583,0.047,1041.52,1468.933,31.381,0.0,0.0,0.0,0.0,701580.722,555.525,657278.74,0.0,5064.751,38331.614,187.482,0.0,492.47,500.95,504.97,0.0,408.35,433.68,300.0,515.08,465.43,520.56,0.0,404.68,450.42,300.0,0.0,0.0,0.0,0.0,0.0,0.0,0.0,0.0,6032329283.0,5103062403328.0,0.0,0.0,0.0
1930,19421.428,202.617,0.0,178.361,2.081,16227.787,152.371,0.0,0.0,427.674,2.265,2578.514,45.857,6.822,0.037,414.77,-1532.823,30.933,0.0,0.0,0.0,0.0,721002.146,733.487,673506.519,0.0,5491.059,40902.763,194.304,0.0,495.02,502.79,506.74,0.0,410.35,445.62,300.0,514.56,473.72,520.27,0.0,405.06,450.06,300.0,0.0,0.0,0.0,0.0,0.0,0.0,0.0,0.0,6096849321.0,4904437281280.0,0.0,0.0,0.0
1931,17490.009,176.632,0.0,157.838,2.063,14412.629,137.68,0.0,0.0,384.206,2.111,2528.006,34.756,5.502,0.029,-372.58,-1931.459,30.615,0.0,0.0,0.0,0.0,738492.159,891.958,687918.352,0.0,5875.252,43432.68,199.806,0.0,498.93,511.37,511.24,0.0,413.66,450.78,300.0,514.22,480.33,520.08,0.0,405.61,450.1,300.0,0.0,0.0,0.0,0.0,0.0,0.0,0.0,0.0,6166001519.0,4721535859456.0,0.0,0.0,0.0
1932,15872.623,164.418,0.0,129.095,1.818,12941.507,124.712,0.0,0.0,365.113,2.355,2431.634,35.509,3.96,0.02,103043.07,-1617.465,30.637,0.0,0.0,0.0,0.0,754364.78,1021.229,700859.914,0.0,6240.363,45871.672,203.766,0.0,502.37,523.07,515.93,0.0,413.89,453.11,300.0,513.95,485.45,519.97,0.0,406.07,450.3,300.0,0.0,0.0,0.0,0.0,0.0,0.0,0.0,0.0,6229386090.0,4486515464192.0,0.0,0.0,0.0
1933,16653.47,171.8,0.0,125.488,1.678,13492.473,128.351,0.0,0.0,377.362,3.438,2651.979,38.303,4.62,0.025,1247.91,780.797,31.509,0.0,0.0,0.0,0.0,771018.374,1144.857,714350.913,0.0,6620.01,48523.651,208.386,0.0,500.66,526.54,514.28,0.0,415.07,452.15,300.0,513.62,488.79,519.88,0.0,406.74,450.46,300.0,0.0,0.0,0.0,0.0,0.0,0.0,0.0,0.0,6297115247.0,4495431975424.0,0.0,0.0,0.0
1934,18143.515,190.009,0.0,150.179,1.862,14730.925,138.717,0.0,0.0,423.601,4.038,2832.353,45.365,4.842,0.025,4612.54,1490.064,33.613,0.0,0.0,0.0,0.0,789161.856,1294.473,729082.772,0.0,7039.979,51450.449,213.228,0.0,501.52,526.99,514.13,0.0,415.56,456.43,300.0,513.34,492.78,519.75,0.0,407.02,451.58,300.0,0.0,0.0,0.0,0.0,0.0,0.0,0.0,0.0,6361407514.0,4694446876416.0,0.0,0.0,0.0
1935,19043.447,201.22,0.0,169.941,2.236,15352.019,143.176,0.0,0.0,462.695,3.84,3050.875,51.929,5.94,0.03,1755.74,899.888,33.725,0.0,0.0,0.0,0.0,808205.3,1465.186,744436.134,0.0,7502.673,54501.286,219.171,0.0,501.65,530.25,514.87,0.0,415.48,456.0,300.0,513.09,497.11,519.68,0.0,407.54,451.85,300.0,0.0,0.0,0.0,0.0,0.0,0.0,0.0,0.0,6426496222.0,4968276590080.0,0.0,0.0,0.0
1936,20797.191,228.665,0.0,201.673,2.49,16739.898,153.438,0.0,0.0,522.111,4.968,3323.532,67.729,7.482,0.038,1795.73,1753.723,34.626,0.0,0.0,0.0,0.0,829002.481,1668.7,761176.026,0.0,8024.839,57797.504,226.65,0.0,498.69,521.14,511.27,0.0,415.99,455.69,300.0,512.7,500.48,519.45,0.0,408.13,451.91,300.0,0.0,0.0,0.0,0.0,0.0,0.0,0.0,0.0,6495429949.0,5267668615168.0,0.0,0.0,0.0
1937,22298.141,262.368,0.0,212.322,2.615,17781.263,164.858,0.0,0.0,583.594,9.237,3710.095,85.613,8.142,0.04,2128.62,1500.95,35.099,0.0,0.0,0.0,0.0,851300.621,1878.454,778957.298,0.0,8612.06,61507.607,234.792,0.0,500.07,520.89,514.94,0.0,415.19,451.5,300.0,512.34,501.94,519.35,0.0,408.72,451.82,300.0,0.0,0.0,0.0,0.0,0.0,0.0,0.0,0.0,6562501285.0,5499253255680.0,0.0,0.0,0.0
1938,21271.9,257.037,0.0,203.418,2.587,16863.639,156.832,0.0,0.0,563.215,9.74,3632.824,87.854,6.6,0.033,926.92,-1026.274,33.661,0.0,0.0,0.0,0.0,872572.486,2050.94,795820.892,0.0,9175.274,65140.429,241.395,0.0,507.03,528.45,523.39,0.0,415.72,455.71,300.0,512.22,496.9,519.47,0.0,409.16,452.01,300.0,0.0,0.0,0.0,0.0,0.0,0.0,0.0,0.0,6632055952.0,5535891328000.0,0.0,0.0,0.0
1939,22359.867,324.844,0.0,181.855,2.549,17822.824,164.672,0.0,0.0,587.46,10.413,3756.284,147.171,8.583,0.043,2846.37,1087.949,33.746,0.0,0.0,0.0,0.0,894932.379,2197.44,813643.853,0.0,9748.273,68776.897,249.978,0.0,503.78,510.57,519.91,0.0,415.7,452.29,300.0,511.95,490.18,519.43,0.0,408.9,451.22,300.0,0.0,0.0,0.0,0.0,0.0,0.0,0.0,0.0,6698136478.0,5164135119872.0,0.0,0.0,0.0
1940,24317.466,346.901,0.0,155.732,1.874,19613.205,173.981,0.0,0.0,639.625,12.553,3895.995,158.442,9.681,0.047,1116.58,1957.619,35.919,0.0,0.0,0.0,0.0,919249.74,2344.92,833257.088,0.0,10375.105,72672.863,259.659,0.0,501.35,496.65,517.61,0.0,416.71,446.4,300.0,511.74,488.83,519.44,0.0,408.91,450.99,300.0,0.0,0.0,0.0,0.0,0.0,0.0,0.0,0.0,6766983735.0,12297957285376.0,0.0,0.0,0.0
1941,24574.556,305.534,0.0,216.022,2.347,19832.952,167.799,0.0,0.0,624.372,6.279,3885.075,129.048,12.102,0.057,-120.3,267.247,32.705,0.0,0.0,0.0,0.0,943633.46,2625.429,852914.727,0.0,10892.974,76378.671,271.761,0.0,495.51,500.01,511.53,0.0,406.85,441.03,300.0,511.15,502.08,519.15,0.0,404.83,449.38,300.0,0.0,0.0,0.0,0.0,0.0,0.0,0.0,0.0,6842036648.0,5575509372416.0,0.0,0.0,0.0
1942,24169.236,272.547,0.0,184.184,2.219,19612.948,157.823,0.0,0.0,675.921,5.006,3680.043,107.442,12.102,0.056,1028.91,-405.099,28.934,0.0,0.0,0.0,0.0,967799.691,2778.44,872415.519,0.0,11595.857,80197.958,283.866,0.0,489.26,481.19,503.45,0.0,407.06,440.33,300.0,510.61,495.07,518.68,0.0,405.87,449.75,300.0,0.0,0.0,0.0,0.0,0.0,0.0,0.0,0.0,6896125025.0,5643097553920.0,0.0,0.0,0.0
1943,24543.814,290.419,0.0,171.899,2.009,19725.625,161.233,0.0,0.0,741.888,4.932,3887.099,122.187,12.984,0.06,-77.54,374.154,28.17,0.0,0.0,0.0,0.0,992534.95,2956.161,892141.248,0.0,12309.692,84096.45,296.847,0.0,488.57,494.84,504.09,0.0,405.62,437.69,300.0,510.14,496.11,518.4,0.0,404.98,449.28,300.0,0.0,0.0,0.0,0.0,0.0,0.0,0.0,0.0,6947422691.0,5805823352192.0,0.0,0.0,0.0
1944,24650.584,305.818,0.0,107.464,1.547,19263.146,154.732,0.0,0.0,798.916,5.016,4463.75,144.463,12.984,0.06,190.7,106.788,28.702,0.0,0.0,0.0,0.0,1017185.508,2978.699,911404.397,0.0,13136.664,88560.272,309.831,0.0,482.84,475.19,498.68,0.0,404.31,438.36,300.0,509.45,481.59,517.98,0.0,405.79,448.71,300.0,0.0,0.0,0.0,0.0,0.0,0.0,0.0,0.0,6997693298.0,5885837772800.0,0.0,0.0,0.0
1945,19818.315,240.654,0.0,108.88,1.644,14458.865,124.255,0.0,0.0,888.701,6.188,4346.03,108.514,11.883,0.053,32585.69,-4832.289,27.879,0.0,0.0,0.0,0.0,1037005.669,3130.611,925990.91,0.0,14104.095,92933.533,321.714,0.0,466.88,474.75,483.14,0.0,410.14,430.88,300.0,508.53,488.04,517.44,0.0,408.32,448.01,300.0,0.0,0.0,0.0,0.0,0.0,0.0,0.0,0.0,7047737353.0,5478689744640.0,0.0,0.0,0.0
1946,22174.833,307.309,0.0,176.596,2.584,16166.969,146.745,0.0,0.0,919.455,7.608,4895.973,150.312,11.883,0.052,18558.81,2353.313,33.62,0.0,0.0,0.0,0.0,1059180.477,3384.24,942167.848,0.0,15024.606,97902.402,333.597,0.0,478.56,487.25,500.61,0.0,410.77,429.39,300.0,507.8,499.36,517.15,0.0,408.54,447.35,300.0,0.0,0.0,0.0,0.0,0.0,0.0,0.0,0.0,7168384025.0,5193709992448.0,0.0,0.0,0.0
1947,24791.325,459.791,0.0,212.56,3.234,18125.063,165.933,0.0,0.0,1018.818,8.111,5416.699,282.456,13.644,0.059,3025.88,2616.439,34.304,0.0,0.0,0.0,0.0,1083972.464,3598.552,960292.892,0.0,16064.677,103385.41,347.238,0.0,483.21,493.26,501.67,0.0,411.01,443.39,300.0,507.29,499.24,516.83,0.0,409.25,447.44,300.0,0.0,0.0,0.0,0.0,0.0,0.0,0.0,0.0,7224788204.0,5252118826752.0,0.0,0.0,0.0
1948,26190.579,309.057,0.0,258.567,3.691,18803.753,172.67,0.0,0.0,1156.411,9.297,5952.488,123.34,14.523,0.061,4494.99,1413.648,34.797,0.0,0.0,0.0,0.0,1110035.017,3854.181,979246.419,0.0,17221.092,109217.129,361.761,0.0,484.84,501.37,504.83,0.0,412.83,444.24,300.0,506.67,499.01,516.64,0.0,409.46,446.75,300.0,0.0,0.0,0.0,0.0,0.0,0.0,0.0,0.0,7284693147.0,5673986886912.0,0.0,0.0,0.0
1949,25957.162,573.67,0.0,294.148,4.048,18379.148,171.692,0.0,0.0,1249.112,33.419,6018.032,364.463,12.543,0.053,15528.94,-228.986,35.102,0.0,0.0,0.0,0.0,1136053.253,4146.523,997515.3,0.0,18470.205,115298.193,374.304,0.0,495.04,505.85,518.71,0.0,415.76,450.05,300.0,506.42,499.25,516.68,0.0,409.83,447.14,300.0,0.0,0.0,0.0,0.0,0.0,0.0,0.0,0.0,7368045558.0,5938392539136.0,0.0,0.0,0.0
1950,29018.725,951.626,0.0,339.424,4.507,19811.671,214.263,269.358,6.026,1461.597,14.225,7116.719,712.543,14.964,0.06,81592.22,2911.84,56.221,0.0,0.0,0.0,0.0,1165138.957,4487.11,1017437.248,269.358,19888.868,122484.032,389.268,0.0,483.33,507.73,513.73,365.86,413.87,431.59,300.0,505.79,499.99,516.68,365.86,409.24,446.42,300.0,0.0,0.0,0.0,0.0,0.0,0.0,0.0,0.0,7570712667.0,15851389108728.0,0.0,0.0,0.0
1951,30932.373,1223.73,0.0,384.59,4.928,21036.699,228.437,289.698,6.881,1719.688,15.132,7479.707,968.268,16.503,0.066,2197.06,1918.797,54.969,0.0,0.0,0.0,0.0,1195945.165,4876.313,1038473.932,559.058,21629.418,129837.559,405.771,0.0,484.82,507.99,518.14,362.7,413.2,429.13,300.0,505.25,501.09,516.66,364.2,410.0,444.89,300.0,0.0,0.0,0.0,0.0,0.0,0.0,0.0,0.0,7712654543.0,7983527429312.0,0.0,0.0,0.0
1952,31449.485,843.456,0.0,411.626,5.249,20931.197,234.593,309.477,7.079,1848.699,15.375,7927.065,581.09,16.065,0.064,2457.55,517.202,57.271,0.0,0.0,0.0,0.0,1227383.543,5287.916,1059405.132,868.534,23478.117,137753.521,421.836,0.0,486.3,510.02,522.07,362.54,413.54,431.04,300.0,504.65,501.73,516.77,363.62,410.28,444.13,300.0,0.0,0.0,0.0,0.0,0.0,0.0,0.0,0.0,7852544506.0,8392322742600.0,0.0,0.0,0.0
1953,32354.519,889.391,0.0,457.358,5.7,21142.983,225.937,297.688,6.364,1968.767,15.665,8461.898,635.646,19.365,0.075,1352.55,904.549,55.247,0.0,0.0,0.0,0.0,1259864.228,5745.266,1080548.095,1166.222,25446.885,146341.593,441.201,0.0,486.66,511.07,522.87,365.94,414.88,433.24,300.0,504.26,502.49,516.91,364.22,410.63,443.85,300.0,0.0,0.0,0.0,0.0,0.0,0.0,0.0,0.0,7992061972.0,8874987775968.0,0.0,0.0,0.0
1954,33305.881,1387.534,0.0,496.551,6.23,21354.047,232.729,279.464,6.308,2084.294,16.051,9068.648,1126.139,17.163,0.066,9917.79,949.942,57.537,0.0,0.0,0.0,0.0,1293181.211,6241.821,1101901.98,1444.414,27531.184,155421.339,458.364,0.0,490.5,511.48,528.64,360.08,415.76,438.16,300.0,503.95,503.2,517.1,363.07,410.97,443.5,300.0,0.0,0.0,0.0,0.0,0.0,0.0,0.0,0.0,8133216641.0,9089741290352.0,0.0,0.0,0.0
1955,36444.615,1223.668,0.0,550.829,6.964,23044.382,247.619,369.491,7.258,2282.834,16.712,10169.217,945.029,20.904,0.079,4220.67,3138.559,60.363,0.0,0.0,0.0,0.0,1329625.834,6792.642,1124946.354,1815.174,29814.016,165590.558,479.268,0.0,489.58,512.85,526.99,381.55,417.19,439.68,300.0,503.5,504.02,517.32,366.95,411.48,443.32,300.0,0.0,0.0,0.0,0.0,0.0,0.0,0.0,0.0,8283968168.0,9683840271952.0,0.0,0.0,0.0
1956,38829.973,1427.86,0.0,595.609,7.355,24221.844,259.07,412.645,7.863,2463.75,17.667,11107.972,1135.816,21.126,0.078,1831.47,2385.355,61.258,0.0,0.0,0.0,0.0,1368455.802,7388.245,1149168.252,2227.818,32277.755,176698.525,500.394,0.0,489.93,511.45,526.85,381.46,419.6,442.69,300.0,503.06,504.58,517.51,369.56,412.07,443.27,300.0,0.0,0.0,0.0,0.0,0.0,0.0,0.0,0.0,8431612731.0,10085759117944.0,0.0,0.0,0.0
1957,40169.352,1106.645,0.0,628.942,7.918,24708.558,259.655,401.135,7.9,2739.582,19.723,11663.859,811.376,20.466,0.073,1802.85,1339.384,60.433,0.0,0.0,0.0,0.0,1408624.973,8017.197,1173876.631,2628.951,35017.333,188362.237,520.857,0.0,490.7,513.63,527.82,377.03,423.73,444.79,300.0,502.76,505.28,517.7,370.69,412.96,443.38,300.0,0.0,0.0,0.0,0.0,0.0,0.0,0.0,0.0,8583604349.0,10465703470872.0,0.0,0.0,0.0
1958,41253.251,1006.679,0.0,665.789,8.266,24877.144,247.503,363.311,7.031,3023.421,22.416,12298.931,721.389,18.483,0.065,1310.46,1084.12,62.203,0.0,0.0,0.0,0.0,1449868.444,8682.586,1198751.91,2992.262,38040.755,200653.368,539.343,0.0,490.02,513.67,523.28,381.99,428.41,450.96,300.0,502.36,505.93,517.83,372.02,414.16,443.79,300.0,0.0,0.0,0.0,0.0,0.0,0.0,0.0,0.0,8760050974.0,10704542431944.0,0.0,0.0,0.0
1959,43191.256,1129.872,0.0,747.175,9.225,25601.41,245.299,354.286,6.522,3280.4,24.319,13174.836,844.402,24.867,0.087,2098.76,1937.97,62.51,0.0,8856.189,2.972,0.0,1493057.041,9429.759,1224353.302,3346.548,41337.712,213825.633,564.207,0.0,487.53,514.79,517.43,386.35,432.66,453.39,300.0,501.93,506.56,517.82,373.49,415.74,444.38,300.0,0.0,0.0,0.0,0.0,0.0,0.0,0.0,0.0,8933657650.0,11262832827920.0,0.0,0.0,0.0
1960,45858.292,1038.924,0.0,814.266,9.804,26657.714,256.817,349.33,5.922,3644.704,33.381,14282.258,732.846,82.521,0.145,4079.53,2667.045,57.264,0.0,9386.934,3.093,0.709,1538915.327,10244.0,1251010.829,3695.878,44982.366,228107.875,646.728,0.0,488.5,517.55,517.49,391.87,436.82,456.75,300.0,501.51,507.42,517.84,375.12,417.38,445.15,300.0,0.0,0.0,0.0,0.0,0.0,0.0,0.0,0.0,9100095060.0,25701941473288.0,0.0,0.0,0.0
1961,46303.854,1057.377,0.0,859.175,10.294,25875.058,252.959,341.054,5.573,3900.287,34.636,15211.412,753.765,87.657,0.149,2154.01,445.55,57.37,0.0,9417.463,3.046,0.0,1585219.184,11103.182,1276885.932,4036.93,48883.987,243319.295,734.385,0.0,491.56,523.63,523.53,395.57,442.3,458.94,300.0,501.21,508.66,517.93,376.81,419.26,445.94,300.0,0.0,0.0,0.0,0.0,0.0,0.0,0.0,0.0,9270281335.0,12889626132392.0,0.0,0.0,0.0
1962,48132.169,1094.223,0.0,925.028,10.865,25914.0,247.848,334.853,6.049,4317.453,38.481,16519.719,790.815,90.831,0.153,1984.63,1828.259,58.287,0.0,9750.057,3.095,0.0,1633351.271,12028.247,1302799.876,4371.782,53201.442,259839.008,825.216,0.0,493.59,524.68,525.89,389.69,446.23,463.76,300.0,500.99,509.9,518.09,377.76,421.37,447.04,300.0,0.0,0.0,0.0,0.0,0.0,0.0,0.0,0.0,9445975277.0,13590044590784.0,0.0,0.0,0.0
1963,50811.098,1150.347,0.0,974.351,11.172,26843.331,253.102,366.763,99.097,4700.742,43.862,17798.902,742.937,95.253,0.157,4731.83,2678.936,59.249,0.0,10271.524,3.199,0.0,1684162.369,13002.596,1329643.192,4738.545,57910.109,277431.888,920.469,0.0,494.7,523.99,525.42,405.27,449.12,467.46,300.0,500.8,510.91,518.24,379.74,423.53,447.95,300.0,0.0,0.0,0.0,0.0,0.0,0.0,0.0,0.0,9627632960.0,14315367131504.0,0.0,0.0,0.0
1964,53567.277,1162.897,0.0,1081.7,12.206,27324.528,258.929,477.44,135.976,5225.863,47.236,19317.813,708.362,104.94,0.17,3091.71,2756.127,60.697,0.0,10828.858,3.308,0.0,1737729.718,14084.3,1356965.633,5215.987,63135.978,296955.725,1025.412,0.0,494.66,524.77,523.99,423.25,453.4,470.25,300.0,500.62,511.95,518.37,383.37,425.84,449.69,300.0,0.0,0.0,0.0,0.0,0.0,0.0,0.0,0.0,9817057283.0,15293425524896.0,0.0,0.0,0.0
1965,55885.079,1120.8,0.0,1134.418,12.756,27579.86,253.783,560.597,127.962,5625.466,50.175,20846.604,675.948,103.596,0.17,2453.62,2317.807,60.919,31.287,11317.233,3.389,0.0,1793614.795,15218.724,1384547.653,5776.578,68761.453,317802.337,1129.008,0.0,493.73,524.18,521.05,429.75,457.24,472.34,300.0,500.36,512.82,518.41,387.38,428.24,451.08,300.0,0.0,0.0,0.0,0.0,0.0,0.0,0.0,0.0,10013776674.0,16099980405536.0,100802.963,1536905.687,129.966
1966,58477.071,1082.346,0.0,1221.28,13.345,27752.247,251.386,628.624,118.451,6143.41,54.691,22586.629,644.287,108.663,0.179,2189.25,2591.989,59.758,31.33,11865.861,3.482,0.0,1852091.868,16439.969,1412298.232,6405.203,74904.853,340388.958,1237.671,0.0,492.67,524.21,518.67,434.82,458.6,474.28,300.0,500.15,513.63,518.35,391.62,430.52,452.5,300.0,0.0,0.0,0.0,0.0,0.0,0.0,0.0,0.0,10218710902.0,16956550287592.0,105644.973,1568998.078,130.39
1967,60309.033,1148.732,0.0,1264.211,15.724,27308.831,245.033,827.448,123.963,6606.807,63.012,24152.944,700.818,111.6,0.177,6988.58,1831.967,61.693,29.788,12243.046,3.519,0.0,1912400.901,17695.746,1439607.001,7232.652,81511.668,364541.91,1349.268,0.0,492.51,526.96,518.67,433.71,461.12,475.73,300.0,499.92,514.32,518.42,396.01,432.94,454.03,300.0,0.0,0.0,0.0,0.0,0.0,0.0,0.0,0.0,10431179970.0,17625316462848.0,109360.486,1625621.611,130.202
1968,63591.832,1145.01,0.0,1345.413,16.46,27591.116,243.686,885.148,114.438,7233.633,79.027,26382.144,691.199,115.779,0.181,2990.99,3282.797,64.917,27.493,12909.913,3.635,0.0,1975992.724,19049.625,1467199.002,8117.801,88747.291,390820.012,1465.047,0.0,492.51,526.69,518.35,434.35,463.88,476.97,300.0,499.67,515.44,518.36,399.84,435.32,455.37,300.0,0.0,0.0,0.0,0.0,0.0,0.0,0.0,0.0,10649601054.0,18593742743472.0,116352.904,1759856.683,132.768
1969,67754.586,1342.742,0.0,1423.646,17.678,28530.755,246.449,1075.417,199.288,7943.185,88.102,28614.751,791.014,125.124,0.193,4159.04,4162.752,67.216,29.962,13766.571,3.797,0.0,2043747.311,20473.27,1495729.547,9193.22,96689.872,419538.802,1590.171,0.0,492.06,525.53,516.7,440.68,465.0,478.43,300.0,499.4,516.1,518.31,404.26,437.57,457.01,300.0,0.0,0.0,0.0,0.0,0.0,0.0,0.0,0.0,10871782673.0,19693459941040.0,124563.059,1848904.781,132.454
1970,73049.667,1441.546,0.0,1514.976,19.263,29203.15,251.64,1226.1,225.408,8329.255,84.034,32598.792,861.006,133.05,0.194,5165.68,5295.007,72.208,28.625,14897.567,4.026,0.683,2116796.982,21988.282,1524930.133,10419.32,105005.416,452137.595,1723.221,0.0,490.27,524.97,512.65,441.43,465.22,479.27,300.0,498.99,516.69,518.25,408.25,439.58,458.51,300.0,0.0,0.0,0.0,0.0,0.0,0.0,0.0,0.0,11096746408.0,42607892705216.0,132709.816,1915960.127,141.674
1971,76028.369,1432.137,0.0,1555.415,19.128,29166.702,247.367,1489.075,236.804,9086.87,90.604,34551.656,838.04,133.983,0.19,2536.06,2978.696,71.62,29.428,15498.267,4.105,0.0,2192825.349,23455.354,1554098.665,11908.402,114106.409,486689.247,1857.207,0.0,490.54,522.33,511.71,463.34,470.08,479.69,300.0,498.72,515.12,518.1,414.44,441.94,459.99,300.0,0.0,0.0,0.0,0.0,0.0,0.0,0.0,0.0,11322218403.0,21686457658400.0,137688.375,1947037.737,138.081
1972,79441.192,1433.87,0.0,1647.491,19.853,29010.603,234.569,1616.392,242.468,9726.666,103.748,37247.75,833.01,144.216,0.199,1530.53,3412.808,71.083,29.253,16221.152,4.212,0.0,2272266.541,25102.847,1583107.069,13524.796,123833.079,523937.001,2001.423,0.0,489.67,521.64,509.52,466.07,474.03,479.61,300.0,498.44,515.5,517.94,419.99,444.26,461.33,300.0,0.0,0.0,0.0,0.0,0.0,0.0,0.0,0.0,11550421366.0,22792498804448.0,145026.542,2042142.747,139.352
1973,83609.586,1520.939,0.0,1745.117,20.589,29734.16,236.142,1880.627,248.248,10197.404,118.045,39845.77,897.693,154.881,0.206,2142.1,4177.391,84.32,29.077,17078.792,4.348,0.0,2355855.22,26847.147,1612841.393,15405.427,134030.485,563762.744,2156.304,0.0,489.53,521.53,507.89,467.69,477.9,479.9,300.0,498.17,515.91,517.72,425.29,446.66,462.62,300.0,0.0,0.0,0.0,0.0,0.0,0.0,0.0,0.0,11778683970.0,25327137683528.0,153558.218,2151613.331,139.157
1974,83485.592,1420.824,0.0,1745.24,20.419,29791.366,237.09,1851.617,196.045,10542.905,121.175,39344.908,845.865,157.164,0.207,526.69,-123.993,69.663,28.916,17009.594,4.248,0.0,2439340.813,28592.316,1642628.38,17257.042,144573.391,603107.649,2313.465,0.0,490.72,521.19,507.88,473.19,483.69,480.64,300.0,497.87,516.28,517.59,429.9,449.21,463.68,300.0,0.0,0.0,0.0,0.0,0.0,0.0,0.0,0.0,12006595227.0,24876812852192.0,153307.858,2085901.448,134.498
1975,83815.68,1310.684,0.0,1736.207,19.401,30396.305,231.527,1621.43,163.635,10796.393,131.886,39076.664,764.031,141.507,0.182,1185.14,330.095,70.654,28.869,17046.497,4.179,0.0,2523156.489,30328.309,1673021.681,18878.474,155369.791,642184.314,2454.975,0.0,491.55,521.2,505.75,481.64,489.63,481.51,300.0,497.63,516.54,517.36,433.99,451.77,464.71,300.0,0.0,0.0,0.0,0.0,0.0,0.0,0.0,0.0,12233528454.0,25341388561616.0,153208.846,2051203.491,132.831
1976,88546.783,1540.512,0.0,1808.575,19.905,31756.218,236.237,1900.129,163.244,11544.113,124.889,41337.677,996.026,150.048,0.191,1720.26,4731.107,72.094,29.537,17983.973,4.329,0.0,2611703.273,32136.893,1704780.168,20778.595,166914.102,683521.985,2605.026,0.0,492.31,520.27,504.67,480.56,492.13,483.25,300.0,497.43,516.76,517.18,437.84,454.41,465.86,300.0,0.0,0.0,0.0,0.0,0.0,0.0,0.0,0.0,12458967658.0,26517803309856.0,161820.071,2095167.071,133.071
1977,90804.377,1357.618,0.0,1888.68,19.79,32300.762,233.718,1841.809,135.666,11830.963,132.39,42743.394,835.851,149.073,0.187,1551.89,2257.597,71.004,28.438,18494.531,4.373,0.0,2702507.643,34025.571,1737077.942,22620.409,178744.561,726265.386,2754.099,0.0,490.83,518.56,502.36,482.92,494.74,481.38,300.0,497.26,516.89,516.84,441.21,456.86,466.7,300.0,0.0,0.0,0.0,0.0,0.0,0.0,0.0,0.0,12683368183.0,27629949393168.0,166905.291,2172457.66,134.249
1978,93602.697,1326.937,0.0,1996.924,21.731,32976.931,237.112,1888.859,142.538,12367.115,146.839,44168.569,778.525,153.228,0.19,1217.78,2798.321,72.422,28.226,19067.767,4.43,0.0,2796110.344,36022.558,1770056.947,24509.266,191112.179,770433.952,2907.33,0.0,490.84,516.12,499.84,484.17,495.84,482.75,300.0,497.09,516.78,516.51,444.24,459.24,467.58,300.0,0.0,0.0,0.0,0.0,0.0,0.0,0.0,0.0,12908334756.0,28907808511536.0,173522.012,2232432.028,135.025
1979,96295.928,1344.95,0.0,2016.966,22.216,34240.201,246.311,1708.787,97.014,13136.666,181.628,44983.46,797.586,157.389,0.191,1616.17,2693.235,73.236,27.215,19610.018,4.477,0.0,2892406.259,38039.446,1804299.248,26218.05,204248.84,815417.393,3064.719,0.0,490.96,513.7,499.33,474.54,496.86,483.44,300.0,496.84,516.62,516.18,446.05,461.45,468.43,300.0,0.0,0.0,0.0,0.0,0.0,0.0,0.0,0.0,13136131767.0,30037300984096.0,179680.885,2448011.439,138.85
1980,95882.469,1319.772,0.0,2027.878,22.538,35258.513,253.026,1502.335,78.677,13527.533,186.828,43373.398,778.521,144.606,0.173,1593.02,-412.428,84.189,54.418,19492.614,4.372,0.611,2988273.962,40067.539,1839559.302,27720.387,217776.378,858776.091,3209.328,0.0,491.87,512.69,499.73,474.77,497.76,484.08,300.0,496.69,516.42,515.88,447.52,463.54,469.2,300.0,0.0,0.0,0.0,0.0,0.0,0.0,0.0,0.0,13369038269.0,63788185597488.0,179261.532,3646084.384,261.335
1981,93488.463,1218.394,0.0,2016.595,21.363,34944.314,246.971,1132.513,42.807,13816.401,177.753,41391.95,729.33,140.016,0.167,100.31,-2394.022,81.303,53.034,19026.91,4.194,0.0,3081761.805,42084.134,1874503.847,28852.896,231592.27,900131.715,3349.341,0.0,491.26,510.44,496.54,477.35,500.13,484.28,300.0,496.53,516.08,515.51,448.67,465.54,469.83,300.0,0.0,0.0,0.0,0.0,0.0,0.0,0.0,0.0,13605381309.0,32516542164752.0,177450.53,3601217.552,253.164
1982,92857.355,1205.721,0.0,2003.012,21.011,35477.968,244.998,1130.931,42.499,13588.637,167.238,40476.754,729.828,135.042,0.143,537.46,-631.109,81.037,52.669,18875.76,4.088,0.0,3174619.164,44087.144,1909981.454,29977.572,245181.424,940608.455,3484.383,0.0,491.87,508.76,495.5,479.77,503.07,485.24,300.0,496.38,515.77,515.1,449.69,467.5,470.44,300.0,0.0,0.0,0.0,0.0,0.0,0.0,0.0,0.0,13846406898.0,32901365330912.0,175637.918,3572414.966,257.257
1983,93414.953,1082.826,0.0,2042.356,20.87,36289.902,248.883,1018.404,36.43,13854.249,165.276,40016.967,611.201,144.804,0.151,261.93,557.594,79.744,52.358,18998.032,4.043,0.0,3268034.102,46129.5,1946270.785,30925.529,259035.658,980625.43,3629.187,0.0,491.63,507.02,493.33,477.98,506.98,485.26,300.0,496.19,515.41,514.69,449.54,469.46,471.05,300.0,0.0,0.0,0.0,0.0,0.0,0.0,0.0,0.0,14092802210.0,33835288311744.0,178081.538,3490159.139,258.058
1984,96287.925,1233.72,0.0,2068.271,21.68,37756.56,259.806,878.82,35.476,15034.258,172.773,40341.069,743.813,156.708,0.159,1474.42,2873.065,79.635,52.178,19656.717,4.109,0.0,3364320.693,48191.234,1984027.172,31804.353,274069.904,1021000.879,3785.898,0.0,489.78,502.87,490.03,469.86,506.19,484.22,300.0,496.07,514.76,514.15,450.04,471.28,471.6,300.0,0.0,0.0,0.0,0.0,0.0,0.0,0.0,0.0,14345966684.0,35375550017808.0,185946.823,3572261.342,256.054
1985,99670.647,1289.575,0.0,2078.256,21.169,40523.604,277.478,851.515,32.561,15717.138,185.57,40279.054,772.62,165.819,0.161,1274.13,3382.723,83.593,46.32,20317.484,4.171,0.0,3463991.353,50269.551,2024546.797,32623.724,289786.86,1061279.93,3951.714,0.0,490.48,499.07,491.3,468.34,509.55,483.37,300.0,495.86,514.16,513.7,450.11,473.26,472.05,300.0,0.0,0.0,0.0,0.0,0.0,0.0,0.0,0.0,14606524126.0,36651957033856.0,209287.453,4150439.024,312.637
1986,100909.835,1087.651,0.0,2156.966,20.492,40974.451,276.749,786.49,23.205,15381.512,192.658,41371.824,574.38,178.947,0.164,15.61,1239.191,84.253,46.998,20619.624,4.157,0.0,3564901.178,52426.52,2065521.475,33295.374,305168.559,1102651.751,4130.661,0.0,489.31,496.61,490.78,462.35,508.7,481.93,300.0,495.71,513.39,513.24,448.81,474.91,472.43,300.0,0.0,0.0,0.0,0.0,0.0,0.0,0.0,0.0,14875279373.0,37899405611520.0,213759.752,4199435.91,321.218
1987,103373.285,1083.62,0.0,2240.679,21.173,42198.07,279.418,756.008,19.88,16697.575,198.559,41183.338,564.386,223.218,0.192,1943.07,2463.447,84.963,47.324,21266.195,4.209,0.0,3668274.464,54667.189,2107708.822,34051.384,321866.135,1143835.088,4353.876,0.0,486.02,494.36,488.52,462.32,510.49,475.15,300.0,495.4,512.53,512.7,449.09,476.61,472.54,300.0,0.0,0.0,0.0,0.0,0.0,0.0,0.0,0.0,15150947333.0,39312925799808.0,220663.214,4348489.912,329.091
1988,107029.013,1116.587,0.0,2361.479,21.648,43386.612,281.664,874.531,18.749,17524.867,210.373,42524.887,583.922,267.489,0.219,1399.24,3655.722,84.93,46.057,22101.399,4.295,0.0,3775303.476,57030.888,2151095.437,34814.164,339390.998,1186359.963,4621.368,0.0,484.11,492.66,485.67,469.86,510.06,473.64,300.0,495.06,511.72,512.14,448.14,478.25,472.49,300.0,0.0,0.0,0.0,0.0,0.0,0.0,0.0,0.0,15429455883.0,40986287863232.0,227968.844,4437882.182,329.506
1989,108314.106,1172.353,0.0,2426.244,22.013,43323.511,279.802,727.68,17.501,18270.434,226.076,43219.409,626.738,260.13,0.212,1184.29,1285.095,84.937,45.672,22406.833,4.278,0.0,3883617.568,59457.125,2194425.352,34881.384,357661.426,1229579.375,4881.495,0.0,483.27,493.07,483.67,480.57,509.95,472.99,300.0,494.77,510.98,511.49,440.41,479.75,472.48,300.0,0.0,0.0,0.0,0.0,0.0,0.0,0.0,0.0,15705290868.0,42274147213296.0,231511.743,4565350.546,334.473
1990,110219.922,1188.03,-1677.939,2458.939,22.473,41867.15,269.324,1216.84,18.918,19601.19,223.578,43953.111,647.078,1122.693,6.662,1086.95,1902.726,86.468,47.384,107238.098,863.738,67.714,3993837.488,62001.482,2236296.912,36262.782,377261.673,1273532.48,6004.188,2231.19,484.39,492.61,480.4,480.78,510.23,476.77,503.72,494.48,510.9,510.94,443.67,481.27,472.71,324.54,68672.09,1583.209,65140.48,1373.452,14749.11,421.057,5169.46,133.334,15981365266.0,86121359506016.0,234181.632,4612686.716,349.256
1991,110812.322,1156.189,-1373.612,2491.81,21.345,41147.937,255.034,1210.464,21.232,19950.567,221.328,44940.887,631.344,1070.669,5.89,223.6,113.431,84.852,48.141,107702.613,852.748,65.537,4104649.816,64480.855,2277399.314,37473.248,397212.234,1318473.374,7074.855,2094.71,476.71,486.11,476.62,452.13,509.05,463.71,497.15,494.03,509.81,510.19,443.99,482.58,472.33,342.54,68933.94,1579.582,65391.63,1369.255,14682.51,418.095,5133.45,130.055,16241926797.0,43795055983920.0,235256.884,4577457.143,339.281
1992,107977.435,1136.039,-2039.375,2570.202,20.986,39784.945,241.642,1134.245,21.367,20157.719,234.103,43275.481,612.623,1054.847,5.319,281.69,-2357.146,84.932,49.295,104677.256,880.123,65.914,4212149.339,67054.005,2317184.054,38504.668,417369.324,1361297.751,8129.701,2591.61,478.33,480.9,471.75,478.08,508.68,470.96,489.0,493.48,508.62,509.53,443.7,483.76,472.21,356.42,68516.54,1547.815,64974.31,1343.114,14534.85,412.344,5108.21,126.589,16495803609.0,44817912889664.0,235954.479,4649807.12,359.423
1993,108440.032,1169.095,-1664.024,2640.652,20.11,39929.832,234.881,1106.159,18.134,20611.382,249.538,43118.102,641.331,1033.894,5.092,619.73,462.598,86.101,50.082,105523.323,871.883,65.275,4320589.36,69694.657,2357109.42,39604.498,437980.709,1404415.856,9163.592,2120.29,475.45,475.05,468.09,473.68,506.39,468.68,480.72,493.04,507.21,508.77,444.42,484.79,472.04,367.12,68630.57,1527.222,65088.7,1328.902,14479.68,408.293,5076.41,124.653,16743823393.0,46030466544864.0,236914.594,4606846.716,363.028
1994,108454.437,1155.775,-1261.802,2795.083,21.112,39819.437,224.601,1116.42,18.106,20665.721,250.106,43033.506,636.886,1024.275,4.974,4202.25,13.664,82.888,48.943,105916.274,866.25,62.323,4429043.866,72487.314,2396848.915,40720.912,458646.427,1447449.358,10187.869,2165.24,472.26,471.71,464.16,471.0,503.18,465.92,475.8,492.49,505.77,507.94,445.14,485.61,471.87,375.74,69007.32,1517.748,65464.67,1325.964,14416.31,403.18,5265.58,129.228,16988467843.0,47671244403488.0,239017.82,4644011.273,361.056
1995,110321.569,1141.005,-1168.56,2939.282,21.495,40777.907,215.004,1109.948,18.196,21115.236,254.473,43324.635,626.744,1054.563,5.109,1220.65,1867.136,80.635,49.358,107829.348,860.137,60.363,4539365.453,75426.59,2437626.825,41830.863,479762.281,1490773.995,11242.436,2330.93,470.33,469.15,462.1,472.14,500.94,464.22,474.28,491.9,504.23,507.11,445.81,486.23,471.63,383.19,70477.36,1503.61,66923.02,1316.165,14430.12,395.056,5374.69,128.802,17231639074.0,49539163690976.0,244428.115,4707113.794,355.095
1996,113286.759,1153.095,-1056.548,2979.537,21.664,41644.964,216.917,1131.302,17.806,22082.937,263.762,44410.082,627.981,1037.94,4.979,957.46,2965.186,78.097,49.617,110853.523,872.59,59.294,4652652.199,78406.027,2479349.934,42962.17,501845.211,1535184.083,12280.376,2223.24,469.0,466.19,460.22,476.85,501.62,462.22,470.38,491.32,502.74,506.26,446.57,486.9,471.35,389.29,71286.14,1501.018,68139.6,1325.998,14421.46,390.26,5409.6,123.842,17473657299.0,51656865480832.0,251370.573,4670489.36,344.037
1997,113488.61,1159.246,-1050.803,3062.47,21.588,41241.195,210.449,1160.477,18.328,22094.476,265.434,44886.033,638.376,1043.968,5.078,863.9,201.855,74.392,50.293,111031.687,864.208,55.636,4766140.815,81468.5,2520510.924,44122.65,523939.693,1580070.1,13324.34,2089.94,466.96,464.84,458.25,477.84,500.19,459.91,469.73,490.72,501.15,505.38,447.34,487.46,471.04,394.56,73809.63,1505.103,68722.82,1325.224,14857.64,390.028,5378.25,123.846,17714097764.0,53733723278080.0,253318.965,4718317.422,329.808
1998,112829.874,1089.547,-1417.829,3028.544,21.657,40096.093,204.496,1119.012,15.864,22473.955,254.432,45085.487,588.076,1026.794,5.011,339.39,-658.738,71.715,49.782,109925.12,869.404,55.149,4878970.685,84494.032,2560559.24,45134.947,546413.233,1625155.588,14351.135,2562.28,466.02,462.85,457.62,483.46,500.6,457.65,468.67,490.14,499.77,504.55,447.13,487.99,470.64,399.13,72808.64,1511.395,69062.12,1323.676,14598.26,390.541,5414.11,123.853,17953320099.0,55044372396384.0,254895.424,4782447.589,319.937
1999,114071.387,1101.468,-1194.223,3160.807,21.727,39696.774,196.196,1085.647,15.853,23151.374,255.475,45955.589,607.207,1021.188,5.016,2337.33,1241.512,68.365,49.642,111376.964,806.705,50.858,4993042.068,87654.84,2600231.399,46220.605,569564.618,1671111.175,15372.325,2301.34,465.11,461.37,456.54,484.88,500.78,456.07,469.38,489.53,498.22,503.74,447.92,488.51,470.27,403.11,72721.44,1482.324,69357.77,1316.104,14538.51,380.834,5368.54,121.474,18191629508.0,57098748925792.0,258593.444,4812300.127,308.247
2000,117271.161,1193.346,-991.741,3307.953,22.43,41232.47,207.632,1260.58,16.724,23705.914,266.694,46749.503,674.885,1014.735,4.987,1727.6,3199.778,66.533,45.583,114750.495,822.075,49.592,5110313.217,90976.443,2641420.279,48160.552,593270.149,1717860.675,16387.059,2438.4,464.69,460.99,457.45,467.49,500.63,454.51,472.06,488.89,496.8,502.95,454.83,489.0,469.79,406.86,73993.72,1467.797,70927.35,1312.105,14482.8,372.142,5340.68,119.289,18429931535.0,119893506408544.0,264463.898,4975339.082,297.086
2001,118473.019,1208.781,-1185.976,3428.747,22.037,41538.579,209.952,1273.115,19.817,24008.096,263.543,47226.227,688.437,998.262,4.995,1106.46,1201.852,64.375,46.812,115735.803,824.965,48.345,5228786.247,94384.392,2682958.132,49556.241,617278.219,1765086.907,17385.32,2313.52,465.42,458.42,458.31,468.38,501.95,455.19,472.25,488.3,495.11,502.16,456.33,489.49,469.37,410.03,74214.45,1454.741,71853.75,1329.267,14454.01,369.657,5379.96,119.153,18667319880.0,61775831412736.0,267305.362,5037253.47,288.06
2002,120844.444,1216.905,-908.363,3605.154,22.605,43118.006,210.936,1338.217,26.83,24672.545,269.03,47097.813,682.371,1012.714,5.126,843.04,2371.254,62.447,45.475,118353.735,835.955,47.049,5349630.689,97991.048,2726121.262,50863.745,641951.143,1812184.724,18398.037,2180.66,464.04,457.04,455.96,466.44,501.13,454.17,471.51,487.75,493.62,501.35,456.27,489.91,468.96,413.0,76203.27,1462.589,72812.9,1338.192,14815.16,371.636,5481.21,118.448,18904732923.0,63891876309920.0,272045.26,5142835.783,279.287
2003,126657.284,1248.568,-1008.706,3852.69,23.116,46492.781,221.688,1352.374,26.07,25636.354,277.755,48286.493,694.722,1036.605,5.212,1225.34,5812.841,62.145,46.213,124037.031,894.356,48.096,5476287.966,101853.041,2772616.695,52216.123,667588.036,1860471.211,19434.642,2696.51,462.76,454.53,453.52,469.0,503.05,452.79,472.39,487.17,492.09,500.46,456.58,490.4,468.54,415.81,78054.07,1479.975,75278.85,1355.61,14864.63,374.761,5541.97,117.301,19142941769.0,66516559940896.0,281009.823,5234752.695,274.204
2004,131875.593,1266.663,-853.499,4112.683,24.145,49082.329,221.906,1454.207,25.488,26477.881,292.796,49663.807,697.045,1084.694,5.293,1301.82,5218.311,59.789,47.635,129292.16,896.564,45.733,5608163.565,105965.719,2821609.352,53661.756,694065.918,1910135.014,20519.337,2506.6,460.66,453.54,450.36,467.22,502.6,450.89,471.49,486.48,490.48,499.43,456.81,490.84,468.1,418.39,81603.55,1491.482,78100.88,1370.426,15235.15,375.645,5693.52,116.885,19382840348.0,70255667415680.0,293310.485,5351738.823,264.47
2005,135823.438,1267.476,-631.708,4340.43,24.582,51743.311,217.716,1550.19,30.317,27097.651,291.581,49961.111,697.84,1130.739,5.438,607.33,3947.832,57.407,45.893,133404.348,919.351,45.151,5743987.0,110320.122,2873382.254,55220.508,721163.578,1960096.117,21650.079,3068.53,458.79,452.0,447.15,466.75,502.35,449.89,469.12,485.76,488.93,498.43,457.21,491.29,467.63,420.8,83250.33,1505.577,80303.36,1388.156,15203.02,375.292,5701.47,116.07,19625063848.0,73904503959296.0,301490.332,5441528.026,256.17
2006,140015.853,1281.678,-382.337,4707.647,25.573,54565.791,225.903,1574.696,27.785,27741.495,294.552,50246.527,702.313,1179.706,5.537,810.57,4192.434,55.205,46.206,137794.663,950.643,44.557,5884002.858,115027.763,2927992.859,56795.205,748905.068,2010342.641,22829.786,3473.6,457.76,449.4,446.38,472.16,502.59,448.24,468.45,485.08,487.17,497.4,457.57,491.71,467.08,423.02,86248.73,1513.056,82554.22,1399.571,15629.1,372.774,5745.17,115.724,19869883314.0,78139622289120.0,309278.484,5544058.84,249.304
2007,143608.117,1298.527,-250.588,5042.513,26.813,57022.139,229.104,1643.677,24.994,28542.046,303.737,50146.28,708.259,1211.462,5.604,1081.73,3592.261,52.69,45.905,141489.145,938.703,42.936,6027610.961,120070.288,2985080.226,58438.869,777447.121,2060488.921,24041.244,3274.24,456.03,449.11,445.07,471.76,500.28,445.84,467.7,484.31,485.44,496.29,457.95,492.01,466.55,425.1,87786.14,1499.53,85158.54,1389.629,15607.28,368.725,5878.83,116.112,20117161171.0,82429759912576.0,317069.174,5585462.931,237.703
2008,145826.862,1284.432,-390.669,5095.32,27.038,58555.012,224.984,1691.235,23.674,29350.37,304.664,49928.989,698.603,1205.939,5.464,604.37,2211.373,51.334,46.069,143496.441,975.891,43.378,6173437.682,125165.603,3043635.63,59225.02,806797.482,2110417.758,25247.186,3929.53,454.71,447.46,442.39,466.61,499.8,445.67,465.36,483.6,483.76,495.15,451.31,492.3,466.05,426.84,88416.2,1485.511,85866.04,1381.242,15793.56,363.766,5811.05,114.125,20366582481.0,84907791932736.0,320078.609,5607811.15,231.434
2009,143050.688,1228.148,-985.762,5166.716,24.193,57428.0,207.38,1718.576,22.782,28609.565,285.86,49020.786,683.397,1107.058,4.543,142.49,-2776.173,49.635,45.769,140188.199,910.803,41.985,6316488.355,130332.317,3101017.259,60943.594,835407.041,2159438.534,26354.239,3392.36,452.63,441.44,439.45,467.64,496.7,445.57,456.5,482.81,481.9,493.93,451.77,492.47,465.51,427.99,88266.75,1489.817,84932.12,1388.246,15977.28,356.101,5787.51,107.7,20617614099.0,84969880581408.0,313324.659,5351626.297,229.263
2010,150639.106,1233.471,-788.149,5488.629,24.034,61321.967,221.062,1725.95,19.069,30833.134,305.318,50139.418,659.141,1130.006,4.842,1304.87,7588.415,49.911,45.753,147884.649,925.335,42.139,6467127.462,135820.95,3162397.174,62669.544,866240.177,2209577.968,27484.25,3427.98,451.73,439.91,438.86,470.14,496.82,443.39,461.03,482.14,480.07,492.77,452.22,492.59,465.0,429.24,91711.77,1445.077,89046.76,1345.166,16060.68,355.629,5921.55,111.093,20869780256.0,179817830627072.0,328030.434,5549292.12,230.546
2011,155179.924,1232.775,-633.632,5891.426,25.024,64718.903,225.843,1665.805,19.316,31528.105,309.741,50119.642,647.819,1256.048,5.035,908.47,4540.821,48.932,46.675,152527.653,886.78,40.568,6622307.381,141712.378,3227121.924,64335.343,897767.719,2259697.6,28740.298,3502.48,450.15,438.55,437.83,470.15,494.35,441.94,457.57,481.33,478.19,491.56,452.64,492.6,464.5,430.44,91589.02,1415.937,91358.38,1344.719,16287.11,354.616,6048.88,115.258,21122884277.0,93790279833920.0,333777.705,5447191.196,222.149
2012,157403.073,1234.721,-892.674,6033.857,25.115,65520.274,227.225,1701.201,18.421,32015.514,311.724,50874.729,647.243,1257.524,4.989,545.18,2223.159,48.106,46.149,154485.283,924.858,41.704,6779710.458,147743.473,3292627.348,66036.538,929782.218,2310572.324,29997.816,3891.33,449.97,437.85,438.26,466.83,491.98,442.27,456.5,480.52,476.4,490.37,453.05,492.63,463.95,431.43,92652.34,1418.964,92365.71,1351.283,16429.02,347.714,6089.54,111.705,21376777608.0,96502624402368.0,337578.995,5476632.725,220.086
2013,158274.48,1207.772,-906.014,6288.761,25.776,65760.654,226.764,1720.902,19.091,32114.98,300.933,51058.407,630.166,1330.78,5.047,373.6,871.409,46.842,45.716,155338.582,911.893,41.207,6937984.935,154032.542,3358388.231,67757.441,961897.196,2361630.725,31328.601,4485.31,448.56,437.11,437.16,465.33,490.13,440.63,453.86,479.74,474.66,489.22,453.32,492.51,463.45,432.34,93801.67,1383.998,93603.93,1319.096,16411.71,340.237,6050.89,107.49,21631030847.0,99500753140480.0,342796.348,5476096.743,215.803
2014,158941.228,1208.401,-1020.115,6521.134,26.802,65672.737,219.586,1758.21,20.046,32448.551,305.674,51167.11,631.379,1373.487,4.901,859.53,666.753,46.378,46.07,155842.749,898.744,39.933,7096926.164,160553.676,3424060.964,70417.946,994346.776,2412797.843,32702.081,4091.23,447.21,436.52,435.96,460.87,487.2,439.79,452.01,478.97,472.93,488.02,459.41,492.36,462.89,433.11,94810.3,1370.766,93913.26,1301.127,16725.55,336.516,6142.19,106.41,21885146618.0,102713682637056.0,344339.755,5454630.407,211.963
2015,158900.092,1198.059,-1374.586,6286.497,26.384,64292.281,211.069,1702.901,19.243,33010.156,301.389,52246.376,635.123,1361.886,4.871,507.94,-41.125,45.506,45.659,155410.159,893.276,38.888,7255826.269,166840.173,3488353.255,72120.852,1027356.926,2465044.226,34063.966,3742.25,447.62,437.36,436.78,457.27,486.47,439.72,451.7,478.23,471.52,486.96,459.33,492.17,462.38,433.89,95013.06,1358.636,94018.91,1289.367,16885.04,332.915,6208.76,107.014,22138652904.0,105555548943936.0,347429.632,5516673.838,210.107
2016,158778.178,1179.552,-1600.573,6465.714,26.413,62682.473,210.945,1791.892,18.936,33924.522,299.88,52566.313,618.642,1347.274,4.733,646.44,-121.915,45.933,45.622,155009.667,880.976,38.578,7414604.445,173304.879,3550923.59,73912.428,1061281.198,2517610.529,35411.24,3374.25,447.78,437.29,436.45,462.19,486.86,439.48,450.84,477.52,470.17,485.97,459.41,491.98,461.88,434.51,96618.94,1501.392,94318.93,1291.169,16742.57,329.407,6267.84,106.944,22391313314.0,214564101236224.0,352155.767,5521163.87,212.217
2017,160812.159,1178.996,-1539.902,6564.021,26.909,63038.353,214.654,1965.85,20.418,34668.471,304.268,53218.064,608.05,1357.385,4.704,549.79,2033.976,45.309,45.591,157039.315,884.863,38.098,7575416.589,179868.899,3614074.066,75872.922,1095949.429,2570828.589,36768.629,3300.65,447.53,437.41,436.09,464.85,487.12,438.62,451.14,476.9,468.88,485.02,459.52,491.87,461.42,435.04,97729.5,1497.771,95523.82,1293.468,16853.21,327.136,6369.16,107.182,22642807504.0,221029325709120.0,358315.923,5573566.253,208.756
2018,163687.09,1175.716,-1472.699,6849.224,27.348,64083.905,216.094,1914.41,19.936,36192.334,305.34,53283.701,602.282,1363.528,4.716,446.75,2874.935,44.687,45.331,159939.339,885.909,37.834,7739103.685,186718.119,3678150.778,77283.74,1132142.404,2624112.281,38132.161,3402.13,446.63,437.19,435.35,464.43,485.36,437.08,452.37,476.17,467.65,484.03,456.67,491.63,460.93,435.62,99533.69,1490.683,96993.18,1290.437,16988.91,322.315,6337.75,104.579,22891835944.0,227504187956608.0,366427.325,5591621.32,207.156
2019,163742.304,1187.849,-1555.422,7013.266,27.173,63301.397,230.275,2017.259,19.771,36576.331,307.68,53468.952,598.4,1365.088,4.554,519.09,55.226,0.0,46.077,159864.976,878.478,0.0,7902845.992,193731.39,3741452.18,79300.994,1168718.737,2677581.238,39497.256,3206.44,446.08,436.04,434.33,464.16,484.16,437.22,450.27,475.54,466.44,483.14,456.86,491.31,460.36,436.16,0.0,0.0,0.0,0.0,0.0,0.0,0.0,0.0,23138946190.0,0.0,368672.904,5544100.556,0.0
2020,155286.817,1098.083,0.0,7093.077,27.046,60402.604,211.237,2019.407,19.475,35762.113,295.635,48665.791,540.163,1343.824,4.542,-1658.68,-8455.487,0.0,18.916,34807.259,4.465,0.0,8058132.815,200824.478,3801854.78,81320.408,1204480.862,2726247.035,40841.075,0.0,446.09,436.18,432.1,464.2,483.31,439.57,451.36,474.92,465.31,482.23,456.98,491.17,459.94,436.63,0.0,0.0,0.0,0.0,0.0,0.0,0.0,0.0,23382917330.0,0.0,346159.463,3299954.458,0.0
